DATE;TIME;VOLUME;OPEN;CLOSE;MIN;MAX
06/14/2010;00:00:01;270750;91.7;91.57;91.37;92.12
06/15/2010;00:00:01;291795;91.57;91.49;91.03;91.7
06/16/2010;00:00:01;264358;91.49;91.32;91.07;91.83
06/17/2010;00:00:01;296464;91.33;90.87;90.48;91.43
06/18/2010;00:00:01;233350;90.86;90.68;90.4;90.96
06/21/2010;00:00:01;132885;90.47;91.02;90.29;91.47
06/22/2010;00:00:01;130255;91.02;90.43;90.28;91.1
06/23/2010;00:00:01;95204;90.37;89.89;89.71;109.05
06/24/2010;00:00:01;226247;89.94;89.56;89.18;89.98
06/25/2010;00:00:01;239832;89.56;89.25;89.09;89.78
06/28/2010;00:00:01;169746;89.29;89.37;89.01;89.47
06/29/2010;00:00:01;250625;89.37;88.58;88.24;89.43
06/30/2010;00:00:01;226452;88.58;88.51;88.31;88.77
07/01/2010;00:00:01;229529;88.51;87.74;86.94;88.53
07/02/2010;00:00:01;165361;87.74;87.75;87.3;88.23
07/05/2010;00:00:01;138372;87.7;87.51;87.4;88.01
07/06/2010;00:00:01;211521;87.51;87.65;87.29;87.99
07/07/2010;00:00:01;233219;87.65;87.82;86.97;87.85
07/08/2010;00:00:01;266915;87.82;88.47;87.75;88.65
07/09/2010;00:00:01;183648;88.51;88.56;88.31;88.71
07/12/2010;00:00:01;205833;88.61;88.74;88.34;89.16
07/13/2010;00:00:01;226736;88.74;88.81;87.97;88.87
07/14/2010;00:00:01;222357;88.8;88.3;88.04;89.12
07/15/2010;00:00:01;250712;88.29;87.42;87.19;88.41
07/16/2010;00:00:01;206994;87.42;86.55;86.24;87.51
07/19/2010;00:00:01;214263;86.55;86.75;86.43;87.23
07/20/2010;00:00:01;225983;86.75;87.41;86.69;87.58
07/21/2010;00:00:01;195763;87.41;86.84;86.75;87.44
07/22/2010;00:00:01;213336;86.84;87.21;86.29;87.24
07/23/2010;00:00:01;228368;87.21;87.41;86.69;87.53
07/26/2010;00:00:01;215842;87.46;86.86;86.77;87.72
07/27/2010;00:00:01;207424;86.86;87.77;86.78;87.98
07/28/2010;00:00:01;235657;87.76;87.43;87.22;88.12
07/29/2010;00:00:01;223607;87.43;86.75;86.52;87.46
07/30/2010;00:00:01;233008;86.75;86.46;85.92;86.82
08/02/2010;00:00:01;170477;86.41;86.53;86.29;86.89
08/03/2010;00:00:01;171999;86.53;85.87;85.64;86.61
08/04/2010;00:00:01;205743;85.87;86.32;85.27;86.41
08/05/2010;00:00:01;188961;86.32;85.81;85.67;86.46
08/06/2010;00:00:01;168133;85.81;85.52;84.98;86.2
08/09/2010;00:00:01;172881;85.47;85.92;85.25;86.06
08/10/2010;00:00:01;204799;85.92;85.31;85.14;86.24
08/11/2010;00:00:01;231118;85.31;85.12;84.7;85.47
08/12/2010;00:00:01;236903;85.12;86.15;84.89;86.19
08/13/2010;00:00:01;155896;86.15;86.18;85.53;86.38
08/16/2010;00:00:01;194800;86.17;85.18;85.06;86.24
08/17/2010;00:00:01;199246;85.19;85.6;85.15;85.69
08/18/2010;00:00:01;179163;85.6;85.46;85.14;85.61
08/19/2010;00:00:01;213029;85.46;85.2;84.86;85.93
08/20/2010;00:00:01;171631;85.2;85.56;85.14;85.83
08/23/2010;00:00:01;223987;85.57;85.08;85.02;85.72
08/24/2010;00:00:01;314742;85.07;84.17;83.57;85.16
08/25/2010;00:00:01;299119;84.18;84.77;84.03;84.84
08/26/2010;00:00:01;259359;84.78;84.31;84.22;84.89
08/27/2010;00:00:01;283543;84.31;85.21;84.23;85.46
08/30/2010;00:00:01;221568;85.26;84.58;84.44;85.91
08/31/2010;00:00:01;283253;84.58;84.13;83.78;84.67
09/01/2010;00:00:01;285952;84.12;84.51;83.65;84.67
09/02/2010;00:00:01;241743;84.51;84.36;83.96;84.57
09/03/2010;00:00:01;223657;84.35;84.34;84.12;85.23
09/06/2010;00:00:01;169067;84.29;84.16;84;84.5
09/07/2010;00:00:01;263794;84.16;83.74;83.49;84.27
09/08/2010;00:00:01;272854;83.74;83.99;83.3;84.05
09/09/2010;00:00:01;263806;83.99;83.9;83.44;84.03
09/10/2010;00:00:01;248112;83.87;84.16;83.7;84.39
09/13/2010;00:00:01;283467;84.21;83.6;83.45;84.37
09/14/2010;00:00:01;320442;83.6;83.05;82.88;83.72
09/15/2010;00:00:01;443695;83.07;85.6;82.82;85.78
09/16/2010;00:00:01;293582;85.6;85.81;85.19;85.94
09/17/2010;00:00:01;255074;85.81;85.82;85.56;85.94
09/20/2010;00:00:01;167599;85.77;85.71;85.47;85.81
09/21/2010;00:00:01;274285;85.71;84.98;84.91;85.73
09/22/2010;00:00:01;320789;84.98;84.58;84.24;85.01
09/23/2010;00:00:01;258574;84.58;84.55;84.21;84.68
09/24/2010;00:00:01;308232;84.55;84.2;84.08;85.4
09/27/2010;00:00:01;249341;84.22;84.26;84.06;84.4
09/28/2010;00:00:01;277963;84.26;83.93;83.66;84.35
09/29/2010;00:00:01;270333;83.93;83.75;83.45;84.09
09/30/2010;00:00:01;319680;83.76;83.5;83.12;83.81
10/01/2010;00:00:01;260521;83.5;83.3;83.11;83.57
10/04/2010;00:00:01;293169;83.25;83.58;83.14;83.88
10/05/2010;00:00:01;344348;83.58;83.16;82.93;83.99
10/06/2010;00:00:01;299923;83.15;82.97;82.7;83.25
10/07/2010;00:00:01;303145;82.97;82.35;82.08;83.04
10/08/2010;00:00:01;282559;82.36;81.9;81.7;82.57
10/11/2010;00:00:01;212683;81.93;82.31;81.34;82.37
10/12/2010;00:00:01;307227;82.31;81.79;81.62;82.32
10/13/2010;00:00:01;273533;81.79;81.74;81.65;82.01
10/14/2010;00:00:01;347905;81.74;81.58;80.84;81.74
10/15/2010;00:00:01;282203;81.58;81.43;80.85;81.63
10/18/2010;00:00:01;298907;81.43;81.14;81.08;81.5
10/19/2010;00:00:01;342814;81.14;81.45;81.1;81.93
10/20/2010;00:00:01;299484;81.45;81.09;80.81;81.48
10/21/2010;00:00:01;361980;81.09;81.27;80.87;81.84
10/22/2010;00:00:01;270879;81.27;81.36;80.96;81.52
10/25/2010;00:00:01;313743;81.31;80.77;80.37;81.46
10/26/2010;00:00:01;326703;80.8;81.4;80.57;81.66
10/27/2010;00:00:01;361624;81.41;81.57;81.32;81.99
10/28/2010;00:00:01;302249;81.58;80.93;80.82;81.71
10/29/2010;00:00:01;313417;80.92;80.32;80.3;81.08
11/01/2010;00:00:01;258817;80.29;80.58;80.2;81.15
11/02/2010;00:00:01;268876;80.58;80.64;80.43;80.97
11/03/2010;00:00:01;290791;80.63;81.06;80.56;81.61
11/04/2010;00:00:01;318034;81.06;80.78;80.54;81.23
11/05/2010;00:00:01;298387;80.78;81.26;80.58;81.48
11/08/2010;00:00:01;285577;81.26;81.09;80.96;81.45
11/09/2010;00:00:01;339913;81.09;81.57;80.49;81.97
11/10/2010;00:00:01;370303;81.58;82.22;81.52;82.81
11/11/2010;00:00:01;281403;82.22;82.42;81.99;82.61
11/12/2010;00:00:01;333637;82.42;82.49;81.61;82.66
11/15/2010;00:00:01;366668;82.44;83.16;82.32;83.27
11/16/2010;00:00:01;346821;83.16;83.37;82.8;83.6
11/17/2010;00:00:01;276769;83.37;83.13;82.99;83.56
11/18/2010;00:00:01;148145;83.13;83.53;83.06;109.05
11/19/2010;00:00:01;207992;83.54;83.54;83.11;83.65
11/22/2010;00:00:01;254869;83.54;83.3;83.17;83.57
11/23/2010;00:00:01;296835;83.3;83.27;82.74;83.86
11/24/2010;00:00:01;298699;83.26;83.52;82.91;83.67
11/25/2010;00:00:01;201915;83.52;83.65;83.36;83.71
11/26/2010;00:00:01;236806;83.65;84.09;83.6;84.19
11/29/2010;00:00:01;240268;84.09;84.27;83.78;84.41
11/30/2010;00:00:01;308259;84.26;83.67;83.39;84.28
12/01/2010;00:00:01;316099;83.67;84.11;83.34;84.4
12/02/2010;00:00:01;300640;84.11;83.74;83.45;84.37
12/03/2010;00:00:01;270812;83.74;82.51;82.49;83.85
12/06/2010;00:00:01;254627;82.51;82.67;82.51;83
12/07/2010;00:00:01;306273;82.66;83.48;82.29;83.67
12/08/2010;00:00:01;342250;83.49;84.1;83.43;84.31
12/09/2010;00:00:01;308924;84.11;83.84;83.49;84.12
12/10/2010;00:00:01;236806;83.81;83.93;83.41;84.03
12/13/2010;00:00:01;283684;83.94;83.44;83.07;84.36
12/14/2010;00:00:01;287787;83.45;83.8;82.8;83.84
12/15/2010;00:00:01;304777;83.8;84.27;83.61;84.52
12/16/2010;00:00:01;270755;84.27;84.04;83.86;84.45
12/17/2010;00:00:01;262179;84.03;83.96;83.65;84.21
12/20/2010;00:00:01;255106;84.01;83.78;83.59;84.13
12/21/2010;00:00:01;228304;83.78;83.8;83.46;83.91
12/22/2010;00:00:01;217222;83.8;83.56;83.38;83.86
12/23/2010;00:00:01;203006;83.56;83.03;82.82;83.58
12/24/2010;00:00:01;95946;83.03;82.89;82.81;83.17
12/27/2010;00:00:01;175113;82.84;82.76;82.62;82.99
12/28/2010;00:00:01;263437;82.75;82.33;81.77;82.77
12/29/2010;00:00:01;214056;82.35;81.62;81.52;82.38
12/30/2010;00:00:01;223815;81.63;81.5;81.25;81.86
12/31/2010;00:00:01;144924;81.5;81.13;80.89;81.55
01/03/2011;00:00:01;202190;81.13;81.67;80.9;81.77
01/04/2011;00:00:01;304415;81.68;82.04;81.56;82.29
01/05/2011;00:00:01;319964;82.04;83.18;81.85;83.38
01/06/2011;00:00:01;313062;83.18;83.31;82.83;83.4
01/07/2011;00:00:01;290822;83.31;83.15;82.81;83.69
01/10/2011;00:00:01;250634;83.15;82.72;82.63;83.29
01/11/2011;00:00:01;107594;82.72;83.1;82.68;83.17
01/12/2011;00:00:01;247528;83.1;83.08;82.79;83.47
01/13/2011;00:00:01;327127;83.08;82.75;82.51;83.16
01/14/2011;00:00:01;317893;82.75;82.83;82.37;83.07
01/17/2011;00:00:01;227517;82.78;82.67;82.31;83.02
01/18/2011;00:00:01;313807;82.67;82.62;82.29;82.83
01/19/2011;00:00:01;325948;82.61;82.12;81.8;82.7
01/20/2011;00:00:01;310317;82.12;82.94;82;83.13
01/21/2011;00:00:01;259840;82.94;82.56;82.49;83.1
01/24/2011;00:00:01;275232;82.56;82.53;82.25;82.93
01/25/2011;00:00:01;322617;82.53;82.26;81.94;82.67
01/26/2011;00:00:01;303657;82.26;82.17;81.94;82.62
01/27/2011;00:00:01;338129;82.17;82.88;81.98;83.22
01/28/2011;00:00:01;318038;82.88;82.11;81.95;82.91
01/31/2011;00:00:01;284537;82.11;82.09;81.86;82.27
02/01/2011;00:00:01;330004;82.09;81.39;81.27;82.16
02/02/2011;00:00:01;305271;81.39;81.49;81.31;81.87
02/03/2011;00:00:01;292829;81.49;81.66;81.36;82.07
02/04/2011;00:00:01;280436;81.66;82.16;81.07;82.47
02/07/2011;00:00:01;285398;82.16;82.29;82.11;82.48
02/08/2011;00:00:01;321344;82.29;82.29;81.73;82.43
02/09/2011;00:00:01;343680;82.3;82.41;82.16;82.68
02/10/2011;00:00:01;347778;82.41;83.35;82.34;83.4
02/11/2011;00:00:01;275616;83.34;83.42;83.19;83.68
02/14/2011;00:00:01;282175;83.42;83.39;83.05;83.57
02/15/2011;00:00:01;327854;83.4;83.71;83.14;83.92
02/16/2011;00:00:01;326427;83.71;83.6;83.46;83.99
02/17/2011;00:00:01;295383;83.61;83.29;83.11;83.76
02/18/2011;00:00:01;259959;83.29;83.14;82.98;83.54
02/21/2011;00:00:01;183053;83.09;83.06;83;83.55
02/22/2011;00:00:01;336571;83.06;82.72;82.54;83.44
02/23/2011;00:00:01;275382;82.75;82.44;82.27;82.9
02/24/2011;00:00:01;316710;82.45;82.06;81.57;82.47
02/25/2011;00:00:01;239794;82.05;81.67;81.61;82.06
02/28/2011;00:00:01;258573;81.67;81.87;81.57;81.99
03/01/2011;00:00:01;282373;81.87;81.9;81.74;82.25
03/02/2011;00:00:01;250306;81.9;81.83;81.53;82.12
03/03/2011;00:00:01;249830;81.83;82.37;81.68;82.53
03/04/2011;00:00:01;247381;82.37;82.27;82.18;83.08
03/07/2011;00:00:01;263547;82.3;82.28;81.9;82.4
03/08/2011;00:00:01;298764;82.28;82.82;82.16;82.86
03/09/2011;00:00:01;323403;82.82;82.84;82.53;82.94
03/10/2011;00:00:01;337359;82.82;82.92;82.65;83.18
03/11/2011;00:00:01;359701;82.9;81.84;81.62;83.3
03/14/2011;00:00:01;379933;81.84;81.82;80.57;82.47
03/15/2011;00:00:01;510992;81.82;81.06;80.56;82.05
03/16/2011;00:00:01;499125;81.07;79.12;76.5;81.18
03/17/2011;00:00:01;604287;79.12;79.51;78.23;79.76
03/18/2011;00:00:01;515104;79.52;80.59;79.16;82
03/21/2011;00:00:01;309610;80.59;81.22;80.58;81.33
03/22/2011;00:00:01;283216;81.22;81.04;80.8;81.23
03/23/2011;00:00:01;310644;81.04;80.83;80.66;81.08
03/24/2011;00:00:01;266447;80.87;81.01;80.73;81.07
03/25/2011;00:00:01;261921;81.03;81.37;80.85;81.5
03/28/2011;00:00:01;276913;81.39;81.7;81.28;81.86
03/29/2011;00:00:01;304086;81.69;82.49;81.49;82.54
03/30/2011;00:00:01;373603;82.49;83.14;82.37;83.22
03/31/2011;00:00:01;366875;83.14;83.42;82.53;83.45
04/01/2011;00:00:01;345602;83.42;84.06;83.31;84.74
04/04/2011;00:00:01;274406;84.11;84.35;83.81;84.49
04/05/2011;00:00:01;321733;84.35;84.97;84.12;85.25
04/06/2011;00:00:01;354302;84.97;85.44;84.8;85.53
04/07/2011;00:00:01;391323;85.44;84.87;84.55;85.49
04/08/2011;00:00:01;321145;84.87;84.76;84.64;85.41
04/11/2011;00:00:01;355116;84.81;84.44;84.32;85.17
04/12/2011;00:00:01;505611;84.44;83.75;83.43;84.59
04/13/2011;00:00:01;332553;83.75;83.72;83.54;84.27
04/14/2011;00:00:01;452177;83.72;83.67;82.91;83.84
04/15/2011;00:00:01;302611;83.67;83.14;82.93;83.76
04/18/2011;00:00:01;406711;83.14;82.46;82.15;83.27
04/19/2011;00:00:01;324741;82.47;82.76;82.32;82.89
04/20/2011;00:00:01;371297;82.77;82.48;82.23;83.11
04/21/2011;00:00:01;364877;82.47;81.86;81.58;82.49
04/22/2011;00:00:01;124341;81.86;81.82;81.62;82.12
04/25/2011;00:00:01;254899;81.81;81.67;81.59;82.44
04/26/2011;00:00:01;320413;81.67;81.37;81.24;81.98
04/27/2011;00:00:01;380095;81.38;82.24;81.32;82.79
04/28/2011;00:00:01;365512;82.25;81.61;81.36;82.26
04/29/2011;00:00:01;175183;81.61;81.21;81;81.63
05/02/2011;00:00:01;330003;81.16;81.23;80.95;81.7
05/03/2011;00:00:01;259860;81.23;81.04;80.65;81.24
05/04/2011;00:00:01;344178;81.04;80.57;80.4;81.2
05/05/2011;00:00:01;430378;80.6;80.32;79.53;80.66
05/06/2011;00:00:01;412098;80.32;80.63;80.15;80.95
05/09/2011;00:00:01;235033;80.63;80.16;80.13;80.85
05/10/2011;00:00:01;291685;80.17;80.96;80.13;81.1
05/11/2011;00:00:01;321654;80.96;81.03;80.58;81.33
05/12/2011;00:00:01;317766;81.03;81.01;80.66;81.34
05/13/2011;00:00:01;301682;81;80.78;80.32;81.1
05/16/2011;00:00:01;324280;80.83;80.86;80.6;81.07
05/17/2011;00:00:01;406891;80.86;81.49;80.8;81.78
05/18/2011;00:00:01;376995;81.5;81.72;80.89;81.81
05/19/2011;00:00:01;401598;81.73;81.72;81.43;82.24
05/20/2011;00:00:01;327231;81.72;81.7;81.44;81.86
05/23/2011;00:00:01;400099;81.75;81.97;81.28;82.09
05/24/2011;00:00:01;344877;81.98;82.05;81.56;82.22
05/25/2011;00:00:01;392094;82.06;82.03;81.76;82.18
05/26/2011;00:00:01;339795;82.03;81.1;81.04;82.04
05/27/2011;00:00:01;362018;81.1;80.8;80.67;81.3
05/30/2011;00:00:01;238585;80.75;80.87;80.68;81.03
05/31/2011;00:00:01;386318;80.86;81.36;80.66;81.78
06/01/2011;00:00:01;361560;81.36;80.94;80.64;81.51
06/02/2011;00:00:01;340186;80.94;80.88;80.53;81.33
06/03/2011;00:00:01;335033;80.88;80.25;80.02;80.9
06/06/2011;00:00:01;330193;80.21;80.11;79.95;80.4
06/07/2011;00:00:01;299804;80.11;80.15;79.94;80.35
06/08/2011;00:00:01;377359;80.15;79.85;79.66;80.22
06/09/2011;00:00:01;376504;79.87;80.35;79.79;80.47
06/10/2011;00:00:01;328939;80.35;80.3;79.92;80.41
06/13/2011;00:00:01;324264;80.31;80.2;80.04;80.7
06/14/2011;00:00:01;340995;80.2;80.5;80.06;80.65
06/15/2011;00:00:01;357137;80.49;80.85;80.34;81.07
06/16/2011;00:00:01;409323;80.85;80.57;80.45;81.04
06/17/2011;00:00:01;321306;80.57;80.06;79.96;80.68
06/20/2011;00:00:01;277349;80.14;80.2;79.98;80.38
06/21/2011;00:00:01;248970;80.2;80.25;80.01;80.34
06/22/2011;00:00:01;258296;80.25;80.37;79.97;80.43
06/23/2011;00:00:01;320401;80.36;80.48;80.3;80.8
06/24/2011;00:00:01;280098;80.49;80.45;80.1;80.62
06/27/2011;00:00:01;326913;80.4;80.76;80.27;80.99
06/28/2011;00:00:01;320569;80.75;81.05;80.62;81.28
06/29/2011;00:00:01;332573;81.05;80.74;80.53;81.2
06/30/2011;00:00:01;338390;80.74;80.7;80.23;80.87
07/01/2011;00:00:01;285843;80.7;80.8;80.5;81.16
07/04/2011;00:00:01;255850;80.8;80.78;80.5;80.93
07/05/2011;00:00:01;314501;80.79;81.07;80.76;81.2
07/06/2011;00:00:01;301471;81.08;80.87;80.74;81.12
07/07/2011;00:00:01;292681;80.87;81.27;80.76;81.42
07/08/2011;00:00:01;274468;81.26;80.65;80.47;81.49
07/11/2011;00:00:01;320362;80.6;80.33;80.05;80.84
07/12/2011;00:00:01;449518;80.34;79.46;78.46;80.35
07/13/2011;00:00:01;385736;79.46;78.83;78.62;79.59
07/14/2011;00:00:01;385213;78.83;78.99;78.43;79.62
07/15/2011;00:00:01;283712;79;79.15;78.94;79.28
07/18/2011;00:00:01;275257;79.1;79.04;78.89;79.19
07/19/2011;00:00:01;305361;79.01;79.16;78.78;79.29
07/20/2011;00:00:01;293892;79.16;78.81;78.67;79.33
07/21/2011;00:00:01;277679;78.82;78.54;78.19;78.98
07/22/2011;00:00:01;267043;78.55;78.55;78.24;78.73
07/25/2011;00:00:01;256909;78.54;78.29;78.01;78.56
07/26/2011;00:00:01;253990;78.3;77.99;77.8;78.67
07/27/2011;00:00:01;199428;77.99;77.9;77.52;78.18
07/28/2011;00:00:01;194278;77.9;77.82;77.59;77.92
07/29/2011;00:00:01;279635;77.83;76.77;76.69;77.87
08/01/2011;00:00:01;378240;76.82;77.57;76.27;78.05
08/02/2011;00:00:01;328105;77.56;77.28;76.92;77.82
08/03/2011;00:00:01;336559;77.29;77.13;76.74;77.39
08/04/2011;00:00:01;626097;77.13;79.08;76.97;80.25
08/05/2011;00:00:01;393925;79.09;78.41;78.3;79.42
08/08/2011;00:00:01;393393;78.41;77.67;77.45;78.47
08/09/2011;00:00:01;364091;77.67;77.14;76.66;77.84
08/10/2011;00:00:01;428630;77.14;76.83;76.31;77.16
08/11/2011;00:00:01;434820;76.83;76.93;76.27;77.23
08/12/2011;00:00:01;297572;76.93;76.66;76.47;77.03
08/15/2011;00:00:01;239430;76.71;76.81;76.55;77.1
08/16/2011;00:00:01;218673;76.81;76.73;76.61;76.94
08/17/2011;00:00:01;225594;76.73;76.61;76.37;76.8
08/18/2011;00:00:01;200209;76.61;76.63;76.4;76.72
08/19/2011;00:00:01;233970;76.63;76.48;75.95;76.98
08/22/2011;00:00:01;325622;76.53;76.92;76.52;77.22
08/23/2011;00:00:01;215641;76.91;76.65;76.43;76.92
08/24/2011;00:00:01;227087;76.65;77.02;76.42;77.09
08/25/2011;00:00:01;257691;77.01;77.41;76.81;77.7
08/26/2011;00:00:01;207603;77.4;76.64;76.46;77.47
08/29/2011;00:00:01;217552;76.69;76.94;76.53;77.03
08/30/2011;00:00:01;203944;76.94;76.71;76.56;76.96
08/31/2011;00:00:01;208478;76.71;76.76;76.39;76.85
09/01/2011;00:00:01;264983;76.76;76.88;76.66;77.24
09/02/2011;00:00:01;211207;76.87;76.8;76.51;76.98
09/05/2011;00:00:01;226135;76.85;76.93;76.64;76.99
09/06/2011;00:00:01;340435;76.93;77.53;76.68;77.73
09/07/2011;00:00:01;305579;77.53;77.35;77.03;77.55
09/08/2011;00:00:01;315061;77.35;77.56;77.1;77.61
09/09/2011;00:00:01;335825;77.56;77.59;77.06;77.87
09/12/2011;00:00:01;394154;77.54;77.19;76.7;77.6
09/13/2011;00:00:01;334838;77.19;76.94;76.76;77.26
09/14/2011;00:00:01;319863;76.94;76.71;76.55;77.07
09/15/2011;00:00:01;308802;76.72;76.72;76.5;77.33
09/16/2011;00:00:01;281833;76.72;76.77;76.6;76.98
09/18/2011;00:00:01;13674;76.77;76.94;76.77;76.97
09/19/2011;00:00:01;215782;76.958;76.68;76.31;76.98
09/20/2011;00:00:01;158114;76.68;76.3975;76.359;76.76
09/21/2011;00:00:01;100120;76.397;76.632;76.118;76.738
09/22/2011;00:00:01;100794;76.6415;76.26;76.1065;76.963
09/23/2011;00:00:01;69836;76.256;76.635;76.1525;76.886
09/25/2011;00:00:01;7698;76.481;76.659;76.4415;76.677
09/26/2011;00:00:01;126548;76.659;76.4385;76.224;76.7625
09/27/2011;00:00:01;112962;76.4385;76.702;76.2655;76.9355
09/28/2011;00:00:01;95496;76.7025;76.5435;76.3375;76.7145
09/29/2011;00:00:01;92995;76.5355;76.728;76.415;77.025
09/30/2011;00:00:01;89739;76.7315;77.0575;76.502;77.1975
10/02/2011;00:00:01;5815;77.0855;77.2015;77.0725;77.264
10/03/2011;00:00:01;108156;77.2015;76.62;76.5155;77.212
10/04/2011;00:00:01;94595;76.6155;76.83;76.542;76.981
10/05/2011;00:00:01;76693;76.829;76.7865;76.616;77.073
10/06/2011;00:00:01;81171;76.809;76.6865;76.566;76.839
10/07/2011;00:00:01;67657;76.679;76.75;76.587;76.918
10/09/2011;00:00:01;4998.7;76.7955;76.8025;76.739;76.8195
10/10/2011;00:00:01;63255.45;76.8025;76.666;76.573;76.855
10/11/2011;00:00:01;76621.63;76.6655;76.7065;76.606;76.759
10/12/2011;00:00:01;113363.87;76.706;77.101;76.316;77.4865
10/13/2011;00:00:01;92391.53;77.101;76.904;76.678;77.2285
10/14/2011;00:00:01;79739.36;76.9045;77.222;76.8625;77.449
10/16/2011;00:00:01;6070.92;77.0885;77.223;77.0685;77.259
10/17/2011;00:00:01;102054.11;77.225;76.8365;76.6065;77.453
10/18/2011;00:00:01;93126.8;76.837;76.778;76.6285;76.9135
10/19/2011;00:00:01;68607.5;76.7785;76.8385;76.6615;76.8625
10/20/2011;00:00:01;85622.24;76.837;76.8805;76.6815;77.0905
10/21/2011;00:00:01;81964.95;76.8795;76.2485;75.776;76.8795
10/23/2011;00:00:01;7333.41;76.2055;76.4185;76.1685;76.4855
10/24/2011;00:00:01;78119.73;76.4185;76.205;75.99;76.4395
10/25/2011;00:00:01;86418.51;76.2065;76.124;75.739;76.303
10/26/2011;00:00:01;86017.71;76.1235;76.177;75.717;76.324
10/27/2011;00:00:01;98749.01;76.177;75.968;75.6635;76.2815
10/28/2011;00:00:01;61932.92;75.97;75.8355;75.6755;76.003
10/30/2011;00:00:01;5069.2;75.642;75.7695;75.641;75.7995
10/31/2011;00:00:01;189164.56;75.768;78.317;75.5785;79.532
11/01/2011;00:00:01;122476.54;78.317;78.313;78.015;78.999
11/02/2011;00:00:01;93427.71;78.314;78.146;77.944;78.32
11/03/2011;00:00:01;81795.58;78.146;78.064;77.895;78.163
11/04/2011;00:00:01;75158.88;78.064;78.239;77.9875;78.2675
11/06/2011;00:00:01;2628.07;78.1875;78.157;78.1255;78.1925
11/07/2011;00:00:01;74302.31;78.1575;78.0815;77.984;78.183
11/08/2011;00:00:01;77508.15;78.0825;77.7105;77.599;78.0865
11/09/2011;00:00:01;90838.02;77.711;77.7725;77.5445;77.887
11/10/2011;00:00:01;87063.54;77.7715;77.664;77.5085;77.874
11/11/2011;00:00:01;73294.4;77.661;77.195;77.054;77.6735
11/13/2011;00:00:01;3626.56;77.2605;77.176;77.1;77.2755
11/14/2011;00:00:01;81604.7;77.1675;77.095;76.8165;77.246
11/15/2011;00:00:01;92314.99;77.0955;77.088;76.9105;77.506
11/16/2011;00:00:01;86677.35;77.088;77.074;76.8555;77.1505
11/17/2011;00:00:01;88564.84;77.072;76.973;76.917;77.083
11/18/2011;00:00:01;106828.87;76.969;76.94;76.577;77.034
11/20/2011;00:00:01;5503.67;76.878;76.855;76.8525;76.926
11/21/2011;00:00:01;90913.19;76.8545;76.94;76.765;76.9945
11/22/2011;00:00:01;80813.18;76.938;76.9815;76.8385;77.333
11/23/2011;00:00:01;61315.71;76.9825;77.281;76.9285;77.583
11/24/2011;00:00:01;71830.74;77.278;77.184;77.0155;77.282
11/25/2011;00:00:01;73066.62;77.184;77.73;77.1765;77.7915
11/27/2011;00:00:01;8243.54;77.5775;77.683;77.461;77.733
11/28/2011;00:00:01;78678.98;77.685;78.09;77.581;78.2395
11/29/2011;00:00:01;84418.18;78.09;77.9735;77.624;78.286
11/30/2011;00:00:01;96696.68;77.976;77.5965;77.297;78.158
12/01/2011;00:00:01;77300.06;77.5965;77.767;77.487;77.8115
12/02/2011;00:00:01;62174.89;77.765;77.9905;77.73;78.079
12/04/2011;00:00:01;7363.97;78.037;78.095;77.8965;78.1125
12/05/2011;00:00:01;69734.67;78.0955;77.8085;77.694;78.1015
12/06/2011;00:00:01;74657.34;77.81;77.752;77.638;77.858
12/07/2011;00:00:01;69339.11;77.754;77.68;77.626;77.7905
12/08/2011;00:00:01;101274.7;77.6795;77.685;77.1315;77.8
12/09/2011;00:00:01;81395.53;77.683;77.6445;77.4945;77.784
12/11/2011;00:00:01;1905.98;77.6865;77.619;77.5615;77.6865
12/12/2011;00:00:01;80221.59;77.618;77.952;77.5865;78.0015
12/13/2011;00:00:01;89882.76;77.954;77.9685;77.645;78.0215
12/14/2011;00:00:01;92508.09;77.9695;78.124;77.9245;78.158
12/15/2011;00:00:01;91849.83;78.124;77.853;77.738;78.1285
12/16/2011;00:00:01;65986.7;77.851;77.766;77.618;77.9635
12/18/2011;00:00:01;2295.05;77.792;77.822;77.73;77.832
12/19/2011;00:00:01;79428.46;77.821;78.017;77.801;78.1665
12/20/2011;00:00:01;79580.04;78.019;77.858;77.717;78.058
12/21/2011;00:00:01;89226.89;77.858;78.084;77.6875;78.1095
12/22/2011;00:00:01;73497.04;78.084;78.167;78.0045;78.212
12/23/2011;00:00:01;50983.1;78.168;78.096;78.006;78.226
12/25/2011;00:00:01;1039.19;78.0805;78.091;78.0445;78.1385
12/26/2011;00:00:01;20613.32;78.094;78.0075;77.878;78.105
12/27/2011;00:00:01;66636.41;78.005;77.879;77.798;78.028
12/28/2011;00:00:01;82976.22;77.88;77.945;77.565;78.039
12/29/2011;00:00:01;80788.42;77.9455;77.672;77.59;77.9495
12/30/2011;00:00:01;96235.6;77.6725;76.902;76.8805;77.742
01/01/2012;00:00:01;1378.96;76.9655;77.036;76.961;77.194
01/02/2012;00:00:01;14361.47;77.036;76.947;76.858;77.111
01/03/2012;00:00:01;86971.06;76.9475;76.736;76.6255;76.9645
01/04/2012;00:00:01;89497.66;76.735;76.724;76.611;76.837
01/05/2012;00:00:01;106017.49;76.727;77.172;76.6595;77.2455
01/06/2012;00:00:01;96634.53;77.172;76.9645;76.9595;77.337
01/08/2012;00:00:01;6631.22;76.9135;76.9425;76.7935;76.961
01/09/2012;00:00:01;61443.99;76.942;76.876;76.772;77.0095
01/10/2012;00:00:01;79668.28;76.8765;76.8615;76.7765;76.9065
01/11/2012;00:00:01;85213.17;76.8615;76.874;76.8395;77.043
01/12/2012;00:00:01;96660.56;76.874;76.791;76.6705;76.981
01/13/2012;00:00:01;89147.46;76.791;76.964;76.664;77.0065
01/15/2012;00:00:01;4653.31;77.058;76.93;76.881;77.078
01/16/2012;00:00:01;60081.07;76.929;76.83;76.7025;76.937
01/17/2012;00:00:01;89045.66;76.831;76.8225;76.5515;76.8805
01/18/2012;00:00:01;92441.08;76.821;76.791;76.655;76.873
01/19/2012;00:00:01;98464.82;76.793;77.0815;76.7005;77.322
01/20/2012;00:00:01;88610.45;77.0805;77.024;76.917;77.3065
01/22/2012;00:00:01;4964.97;76.9555;76.976;76.937;77.0465
01/23/2012;00:00:01;64868.34;76.974;77.0055;76.864;77.083
01/24/2012;00:00:01;82367.07;77.0055;77.6855;76.9595;77.855
01/25/2012;00:00:01;124944.77;77.6875;77.7795;77.5635;78.284
01/26/2012;00:00:01;89725.09;77.7805;77.466;77.29;77.808
01/27/2012;00:00:01;92539.51;77.466;76.6825;76.6555;77.468
01/29/2012;00:00:01;3678.41;76.719;76.747;76.713;76.7745
01/30/2012;00:00:01;101950.81;76.747;76.3755;76.2165;76.778
01/31/2012;00:00:01;121760.84;76.3755;76.273;76.1595;76.418
02/01/2012;00:00:01;101406.72;76.2745;76.197;76.0255;76.3535
02/02/2012;00:00:01;86236.66;76.1995;76.187;76.0465;76.243
02/03/2012;00:00:01;85580.35;76.187;76.607;76.1425;76.739
02/05/2012;00:00:01;4345.3;76.6175;76.5685;76.5375;76.62
02/06/2012;00:00:01;77996.41;76.5685;76.5695;76.497;76.8035
02/07/2012;00:00:01;88163.24;76.5695;76.774;76.521;76.9685
02/08/2012;00:00:01;92819.87;76.774;77.071;76.71;77.1885
02/09/2012;00:00:01;104482.5;77.071;77.6585;77.045;77.7285
02/10/2012;00:00:01;83579.76;77.6585;77.614;77.52;77.8075
02/12/2012;00:00:01;5716.4;77.5635;77.711;77.563;77.726
02/13/2012;00:00:01;82996.43;77.711;77.519;77.3675;77.782
02/14/2012;00:00:01;110110.31;77.518;78.4105;77.516;78.5455
02/15/2012;00:00:01;100905.02;78.411;78.4975;78.183;78.664
02/16/2012;00:00:01;92716.67;78.496;78.834;78.365;78.965
02/17/2012;00:00:01;88630.94;78.835;79.55;78.832;79.6145
02/19/2012;00:00:01;13051.41;79.591;79.786;79.587;79.889
02/20/2012;00:00:01;79717.8;79.786;79.62;79.363;79.7885
02/21/2012;00:00:01;89338.57;79.6195;79.852;79.557;79.8625
02/22/2012;00:00:01;92306.46;79.8505;80.272;79.7755;80.405
02/23/2012;00:00:01;85988.11;80.276;79.9435;79.8575;80.3425
02/24/2012;00:00:01;96009.89;79.9435;81.1985;79.941;81.216
02/26/2012;00:00:01;12124.62;81.2675;81.4825;81.248;81.676
02/27/2012;00:00:01;123190.23;81.4845;80.4705;80.1335;81.4915
02/28/2012;00:00:01;133641.55;80.4705;80.48;80.017;80.786
02/29/2012;00:00:01;131335.2;80.48;81.2845;80.2545;81.3995
03/01/2012;00:00:01;110211.24;81.2845;81.091;80.84;81.32
03/02/2012;00:00:01;102107.24;81.091;81.804;81.091;81.872
03/04/2012;00:00:01;5461.41;81.773;81.622;81.554;81.8675
03/05/2012;00:00:01;99313.74;81.621;81.533;81.1565;81.788
03/06/2012;00:00:01;131481.78;81.535;80.639;80.5885;81.5725
03/07/2012;00:00:01;107692.26;80.641;81.359;80.5855;81.362
03/08/2012;00:00:01;105126.26;81.359;81.599;81.1795;81.7325
03/09/2012;00:00:01;106321.58;81.597;82.474;81.47;82.6425
03/11/2012;00:00:01;6261.88;82.504;82.357;82.352;82.5355
03/12/2012;00:00:01;85013.61;82.355;82.3755;82.115;82.437
03/13/2012;00:00:01;114914.32;82.3755;82.9595;81.9705;83.085
03/14/2012;00:00:01;106573.67;82.9605;83.8355;82.9545;83.9055
03/15/2012;00:00:01;115361.85;83.8345;83.5005;83.196;84.1815
03/16/2012;00:00:01;100752.93;83.499;83.4445;83.185;83.9455
03/18/2012;00:00:01;5791.28;83.396;83.462;83.3655;83.57
03/19/2012;00:00:01;97852.89;83.462;83.3805;83.022;83.569
03/20/2012;00:00:01;84845.96;83.38;83.674;83.3205;83.832
03/21/2012;00:00:01;117973.05;83.671;83.201;83.136;84.0955
03/22/2012;00:00:01;155676.31;83.201;82.5255;82.326;83.467
03/23/2012;00:00:01;119938.32;82.521;82.345;81.9755;82.952
03/25/2012;00:00:01;7054.94;82.41;82.601;82.3775;82.632
03/26/2012;00:00:01;115437.98;82.6005;83.018;82.5595;83.0375
03/27/2012;00:00:01;111815.36;83.0205;83.0755;82.6435;83.3875
03/28/2012;00:00:01;121765.29;83.072;82.8415;82.609;83.18
03/29/2012;00:00:01;125693.39;82.8415;82.2945;81.909;82.8745
03/30/2012;00:00:01;123767.39;82.294;82.8685;81.8335;82.885
04/01/2012;00:00:01;7842.6;83.029;82.885;82.7615;83.06
04/02/2012;00:00:01;135801.72;82.886;81.633;81.5555;83.3045
